Year,Country,Foreign Direct Investment billion USD,Predicted FDI billion USD,FDI Potential in %,FDI Potential in billion USD,Average FDI Potential in billion USD (Last 5 Years),Average FDI Potential in % (Last 5 Years),Population size in millions,Gross Domestic Product billions of U.S. dollars,Value added in the agricultural sector as percent of GDP,Value added by the manufacturing sector as percent of GDP,Value added in the services sector as percent of GDP,Tax rate percent of commercial profits,Political stability index (-2.5 weak; 2.5 strong),Regulatory quality index (-2.5 weak; 2.5 strong),Rank
2021,Switzerland,9.31,6.4909363,0.6972004596452067,-2.8190637207031255,60.921675474166854,0.2629249593472946,8.7,800.64,0.63,17.99,71.92,28.8,1.13,1.73,1.0
2021,USA,448.32,392.16544,0.8747444588486252,-56.15456420898437,43.52513012695313,1.3105190782599483,331.89,23315.08,0.96,10.71,77.6,36.6,0.0,1.45,2.0
2021,Netherlands,-141.74,-110.13353,0.7770109331387465,31.60647033691407,39.567382781982424,1.4659641992813621,17.53,1012.85,1.55,10.83,69.44,41.2,0.92,1.75,3.0
2021,Belgium,24.04,12.181364,0.5067123152848687,-11.858635940551757,29.03674422836304,-0.10162629054820105,11.59,594.1,0.66,12.32,68.78,55.4,0.61,1.34,4.0
2021,United Kingdom,5.92,45.440174,7.675705084929596,39.5201741027832,18.01757769775391,1.755367532754796,67.33,3131.38,0.67,8.78,71.46,30.6,0.54,1.47,5.0
2021,Italy,18.91,35.489616,1.8767644840847684,16.57961639404297,17.151462860107422,1.0577005679627747,59.11,2107.7,1.93,14.9,65.22,59.1,0.58,0.55,6.0
2021,Austria,12.33,9.353212,0.7585735893404203,-2.9767876434326173,13.741724742889406,-0.030087960731483853,8.96,480.37,1.21,16.55,62.41,51.4,0.91,1.35,7.0
2021,Russia,40.45,39.38439,0.9736561627853638,-1.065608215332034,13.453251220703123,2.2898922758704416,143.45,1778.78,3.8,14.45,52.91,46.2,-0.65,-0.53,8.0
2021,South Korea,16.82,28.659231,1.7038781917903143,11.839231185913086,11.169855728149415,1.9692790012721317,51.74,1810.96,1.79,25.46,56.98,33.2,0.66,1.1,9.0
2021,Cyprus,-33.36,10.413748,-0.3121627034614984,43.773747787475585,9.852925491333007,-2.1563716736338074,1.24,28.41,1.7,5.7,73.22,22.4,0.44,0.86,10.0
2021,Luxembourg,-9.05,24.120087,-2.665202946952693,33.17008666992187,7.928574302673343,-0.3620878266802189,0.64,85.51,0.2,4.85,79.32,20.4,1.21,1.92,11.0
2021,Iraq,-2.64,3.5732586,-1.3535070599931658,6.213258638381959,7.699280500411987,-1.1516524002356907,43.53,207.89,3.95,2.05,43.46,30.8,-2.4,-1.11,12.0
2021,Saudi Arabia,19.29,16.199802,0.8398031310876952,-3.0901976013183585,7.6664257202148445,3.8866776476369047,35.95,833.54,2.31,13.06,46.69,15.7,-0.58,0.34,13.0
2021,Venezuela,-0.76,6.9111686,-9.093642862219559,7.671168575286865,7.2471685752868655,-24.096578904070057,28.2,482.36,5.03,12.07,51.67,73.3,-1.53,-2.2,14.0
2021,Qatar,-1.09,4.2034388,-3.8563658338074287,5.2934387588500975,6.001251369476317,-0.8585070156301822,2.69,179.68,0.3,8.76,44.75,11.3,0.96,0.86,15.0
2021,Angola,-4.36,1.0753765,-0.2466459886743388,5.4353765106201175,5.909747612953186,-0.2772171524952023,34.5,67.4,7.94,5.17,46.45,49.1,-0.71,-0.66,16.0
2021,Iceland,0.09,2.4479856,27.199840545654297,2.357985649108887,5.516470426559448,1.9273815241627077,0.37,25.6,4.52,9.17,64.62,31.9,1.37,1.53,17.0
2021,Turkey,13.22,15.946319,1.2062268249927237,2.726318626403808,4.893714416503906,1.4818655533908867,84.78,819.04,5.54,22.21,52.75,42.3,-1.1,-0.08,18.0
2021,Macao,4.85,5.7464433,1.1848336642550439,0.8964432716369632,4.709985084533691,1.8779784662520935,0.69,30.12,3.236,0.85,94.18,23.660000000000004,1.05,1.78,19.0
2021,Bangladesh,1.72,6.396025,3.7186192911724714,4.676025180816651,4.39535033416748,3.421236177965008,169.36,416.26,11.63,21.24,51.3,33.4,-0.97,-0.85,20.0
2021,Iran,1.42,6.299008,4.435921051132847,4.879007892608643,4.388605945587158,3.5219130679417114,87.92,359.71,12.39,21.22,47.33,44.7,-1.62,-1.62,21.0
2021,Nigeria,3.31,6.5971913,1.993109164281194,3.287191333770752,4.3072260475158695,3.740213245664499,213.4,440.83,23.36,14.61,43.79,34.8,-1.78,-0.93,22.0
2021,Pakistan,2.1,6.244123,2.9733918962024504,4.144122982025147,4.105651020050049,2.972111426921747,231.4,348.26,22.67,11.91,52.11,33.9,-1.67,-0.73,23.0
2021,Norway,14.19,10.197658,0.7186509926105739,-3.9923424148559565,4.023562400817871,-0.2173965589165759,5.41,482.17,1.61,5.49,52.5,36.2,1.1,1.64,24.0
2021,Denmark,14.71,9.384346,0.6379569006322761,-5.32565399169922,3.9028804092407228,1.3408730865458287,5.86,398.3,0.87,11.96,66.7,23.8,0.95,1.81,25.0
2021,India,44.73,55.482845,1.2403944848288952,10.752845306396488,3.1868974609375016,1.095056806308635,1407.56,3176.3,16.82,13.98,47.51,49.7,-0.62,-0.08,26.0
2021,Algeria,0.87,3.6350625,4.17823270819653,2.7650624561309813,2.2074088401794434,2.9019241488573186,44.18,163.04,13.03,26.0,44.03,66.1,-0.88,-1.17,27.0
2021,Bahamas,0.38,3.7851088,9.960812643954629,3.405108804702759,1.850459345817566,5.710420985433692,0.41,11.21,0.49,1.69,78.58,33.8,0.88,0.06,28.0
2021,Guinea,0.2,0.93107164,4.655358195304871,0.7310716390609742,1.8443803358078004,17.868485005683564,13.53,16.09,25.82,9.72,37.27,69.3,-0.97,-0.96,29.0
2021,Canada,64.73,47.816654,0.7387093187907039,-16.91334579467774,1.7727200012207027,1.1510519202241463,38.25,1988.34,1.7,9.87,66.87,24.5,0.94,1.62,30.0
2021,Australia,24.79,34.470898,1.3905162434272105,9.680897674560548,1.7026418304443347,1.2327550086231032,25.69,1552.67,2.31,5.55,65.65,47.4,0.85,1.84,31.0
2021,Bolivia,0.58,1.0176209,1.7545188295430152,0.43762092113494877,1.620168544769287,0.11273409694547162,12.08,40.41,12.92,10.73,50.58,83.7,-0.32,-1.15,32.0
2021,Kuwait,-0.27,0.940141,-3.482003785945751,1.2101410222053528,1.3723536314964295,-17.75189684594022,4.25,105.96,0.46,6.61,69.06,13.0,0.3,0.17,33.0
2021,Thailand,14.64,8.856248,0.6049349659779032,-5.783752098083497,1.3031877517700194,0.42679129221744666,71.6,505.95,8.53,27.01,56.69,29.5,-0.55,0.09,34.0
2021,Namibia,0.65,1.6007705,2.4627238053541918,0.9507704734802246,1.274758776664734,-1.7460656074313925,2.53,12.31,9.48,11.26,58.33,20.7,0.55,-0.0,35.0
2021,Kiribati,0.0,1.420427,inf,1.4204269647598267,1.1961068868637086,,0.13,0.21,26.18,4.35,67.9,32.7,1.19,-0.48,36.0
2021,Mauritius,0.25,1.889367,7.557467937469482,1.6393669843673706,1.1900308418273926,4.975215481251125,1.27,11.53,3.27,11.65,66.87,22.2,0.86,1.17,37.0
2021,Trinidad and Tobago,-1.09,0.9721364,-0.8918682369617147,2.062136378288269,1.189524821281433,0.46815177552731824,1.53,24.46,0.96,19.48,54.02,40.5,0.15,-0.09,38.0
2021,Comoros,0.0,0.93107164,inf,0.9310716390609741,0.9948305349349976,,0.82,1.3,35.51,0.946,50.93,219.6,-0.23,-1.25,39.0
2021,Lesotho,-0.01,1.1094986,-110.94986200332642,1.1194986200332642,0.9800544352531434,-0.7103231549263,2.28,2.5,4.95,15.06,49.17,13.6,-0.22,-0.74,40.0
2021,Bhutan,0.01,0.93107164,93.10716390609741,0.9210716390609741,0.9310716390609741,,0.78,2.54,19.19,5.86,43.99,35.3,0.97,-0.37,41.0
2021,Tonga,0.0,0.93107164,inf,0.9310716390609741,0.9290716390609741,,0.11,0.47,16.32,5.19,49.66,27.5,1.07,-0.28,42.0
2021,Croatia,4.66,3.789728,0.813246336106067,-0.8702720737457277,0.9289077310562135,2.225793983423664,3.9,68.96,2.91,11.4,60.4,20.5,0.71,0.5,43.0
2021,Samoa,0.01,0.93107164,93.10716390609741,0.9210716390609741,0.9230716390609741,,0.22,0.84,9.85,4.87,69.79,19.3,1.11,-0.17,44.0
2021,Central African Republic,0.03,0.94510156,31.503385305404663,0.9151015591621399,0.9211015591621399,47.255077958106995,5.46,2.52,30.07,17.48,39.66,73.3,-2.1,-1.49,45.0
2021,Eritrea,0.07,0.93107164,13.301023415156772,0.8610716390609741,0.9111857023239136,14.956326030549548,3.62,2.07,14.12,5.49,37.592,83.7,-1.01,-2.27,46.0
2021,Suriname,-0.13,0.94510156,-7.270011993554922,1.0751015591621398,0.90910155916214,,0.61,2.98,9.19,22.61,51.74,27.9,0.37,-0.7,47.0
2021,Solomon Islands,0.03,0.93107164,31.03572130203247,0.9010716390609741,0.9050716390609741,45.00179588794708,0.71,1.63,34.12,9.68,48.64,32.0,0.49,-0.86,48.0
2021,Guinea-Bissau,0.02,0.93107164,46.553581953048706,0.9110716390609741,0.9010716390609741,39.90307024547032,2.06,1.64,30.86,9.11,50.19,45.5,-0.28,-1.26,49.0
2021,Swaziland,0.11,0.94510156,8.591832356019454,0.8351015591621399,0.8951015591621398,11.04821519626604,1.19,4.74,8.14,26.66,53.96,35.8,-0.03,-0.58,50.0
2021,Vanuatu,0.04,0.93107164,23.276790976524353,0.8910716390609741,0.895071639060974,27.932149171829224,0.32,0.96,21.22,2.78,59.79,8.5,0.79,-0.12,51.0
2021,Sao Tome and Principe,0.06,0.93107164,15.517860651016235,0.8710716390609741,0.895071639060974,31.65643572807312,0.22,0.53,13.95,5.51,72.25,37.0,0.6,-0.93,51.0
2021,Afghanistan,0.02,0.93107164,46.553581953048706,0.9110716390609741,0.8870716390609742,42.518938183784485,40.1,14.79,33.48,9.06,46.51,71.4,-2.53,-1.34,52.0
2021,Kyrgyzstan,0.25,0.93107164,3.7242865562438965,0.6810716390609741,0.8836596193313598,0.36070962192176226,6.69,8.54,14.68,13.46,48.44,29.0,-0.43,-0.58,53.0
2021,Togo,0.13,0.93107164,7.162089531238262,0.8010716390609741,0.8650716390609741,-0.10458924394824046,8.64,8.41,19.28,13.71,49.26,48.2,-0.8,-0.63,54.0
2021,Malawi,0.05,0.93107164,18.621432781219482,0.8810716390609741,0.8650716390609741,14.94887242714564,19.89,12.63,22.73,11.54,52.44,34.5,-0.11,-0.79,54.0
2021,Zambia,-0.82,0.95810664,-1.1684227280500459,1.7781066370010374,0.841378116607666,1.8426974529849602,19.47,22.15,3.39,9.42,49.88,15.6,0.06,-0.55,55.0
2021,Belize,0.13,0.93107164,7.162089531238262,0.8010716390609741,0.8410716390609743,13.58807541621037,0.4,2.49,7.69,6.78,61.83,31.1,0.46,-0.42,56.0
2021,Latvia,3.72,2.9010396,0.7798493549387941,-0.8189603996276857,0.8383068552017212,2.447108528966402,1.88,39.85,4.11,11.97,63.68,38.1,0.69,1.22,57.0
2021,Burkina Faso,0.14,0.93107164,6.650511707578386,0.7910716390609741,0.8370716390609741,,22.1,19.74,17.46,9.52,42.09,41.3,-1.64,-0.47,58.0
2021,Cape Verde,0.1,0.93107164,9.310716390609741,0.8310716390609741,0.8310716390609741,9.629134829942283,0.59,1.94,4.41,8.61,57.32,37.5,0.9,0.27,59.0
2021,Saint Vincent and the Grenadines,0.16,0.93107164,5.819197744131088,0.7710716390609741,0.8290716390609741,12.23498550908906,0.1,0.9,6.91,4.11,62.73,37.0,1.04,0.34,60.0
2021,Botswana,0.06,0.97922206,16.320367654164635,0.9192220592498779,0.8277519025802611,13.220004422841015,2.59,17.61,1.72,5.56,63.63,25.1,0.98,0.61,61.0
2021,Nepal,0.2,1.0041668,5.02083420753479,0.804166841506958,0.8231320066452026,7.294120389819492,30.03,36.29,21.32,4.67,52.58,41.8,-0.24,-0.62,62.0
2021,Haiti,0.05,0.94510156,18.902031183242798,0.8951015591621398,0.81710155916214,14.673069374493943,11.45,20.94,20.62,19.3,51.58,42.7,-1.1,-1.32,63.0
2021,Burundi,0.01,0.8151852,81.51851892471313,0.8051851892471313,0.8111851892471312,,12.55,2.78,28.66,9.36,44.81,41.2,-1.36,-0.98,64.0
2021,Liberia,0.05,0.93107164,18.621432781219482,0.8810716390609741,0.809071639060974,10.039657947344656,5.19,3.51,36.96,2.28,37.73,46.2,-0.24,-0.95,65.0
2021,Gambia,0.25,0.93107164,3.7242865562438965,0.6810716390609741,0.8010716390609742,9.816388631673684,2.64,2.04,22.42,1.87,53.35,48.4,0.18,-0.87,66.0
2021,Saint Lucia,0.09,0.95810664,10.64562930001153,0.8681066370010376,0.7999297051429749,13.241159760289724,0.18,1.69,1.76,3.21,72.16,34.7,0.85,0.37,67.0
2021,Finland,23.87,10.5139475,0.44046700824790286,-13.35605251312256,0.7943711624145514,-0.6192567084918841,5.54,297.3,2.3,14.68,59.79,36.6,0.98,1.9,68.0
2021,Djibouti,0.17,0.95810664,5.63592139412375,0.7881066370010376,0.7921066370010376,5.776819428976844,1.11,3.48,1.68,4.43,77.27,37.9,-0.71,-0.87,69.0
2021,Tajikistan,0.08,0.94510156,11.813769489526749,0.8651015591621399,0.7746836071014405,6.794359435773596,9.75,8.75,23.96,15.63,35.25,67.3,-0.61,-1.13,70.0
2021,Seychelles,0.11,0.95810664,8.710060336373068,0.8481066370010376,0.7661066370010376,6.450523716357877,0.1,1.45,2.14,5.2,67.19,30.1,0.76,0.02,71.0
2021,Paraguay,0.21,1.0556966,5.027126698266892,0.8456966066360474,0.7630057907104493,4.983520041236948,6.7,39.5,9.87,19.66,48.47,35.0,-0.0,-0.21,72.0
2021,Palestine,0.26,0.93107164,3.581044765619131,0.6710716390609741,0.7590716390609742,6.397564894768782,4.92,18.04,7.1,11.05,60.55,15.3,-1.84,-0.02,73.0
2021,Barbados,0.24,0.95810664,3.9921109875043235,0.7181066370010376,0.7481066370010376,5.333981394026756,0.28,4.84,1.48,5.06,71.1,35.6,1.12,0.56,74.0
2021,Armenia,0.37,0.93107164,2.51640983529993,0.5610716390609741,0.7240476751327515,6.915000632288937,2.79,13.86,11.34,11.4,52.8,22.6,-0.84,0.15,75.0
2021,Papua New Guinea,-0.01,0.8454616,-84.54616069793701,0.8554616069793701,0.7102165088653565,-15.330858652014957,9.95,26.59,18.76,1.69,44.03,37.1,-0.58,-0.83,76.0
2021,Benin,0.35,0.93107164,2.660204683031355,0.5810716390609741,0.7050716390609741,4.38499514688308,13.0,17.14,29.44,9.78,47.34,48.9,-0.3,-0.43,77.0
2021,Rwanda,0.21,0.93107164,4.433674471718924,0.7210716390609742,0.6836534481048584,4.054307025335115,13.46,11.07,24.06,9.18,47.76,33.2,0.17,0.07,78.0
2021,Zimbabwe,0.17,0.97474056,5.733768028371474,0.8047405648231506,0.6578235077857971,4.1055695871914235,15.99,28.37,8.85,12.44,56.64,31.6,-1.03,-1.37,79.0
2021,Sierra Leone,0.21,0.93107164,4.433674471718924,0.7210716390609742,0.6550716390609741,3.728841091282276,8.42,4.04,57.45,2.17,32.33,30.7,-0.16,-0.96,80.0
2021,Moldova,0.39,0.93107164,2.3873631770794206,0.5410716390609741,0.6310716390609741,3.889985541054677,2.62,13.68,10.39,9.38,54.85,38.7,-0.21,0.01,81.0
2021,Brunei,0.2,1.1162068,5.581033825874329,0.9162067651748658,0.6062373151779175,2.835404748439914,0.45,14.01,1.26,18.51,37.63,8.0,1.17,0.99,82.0
2021,Czechia,7.61,11.400736,1.4981256051383098,3.7907358551025387,0.6047516479492184,1.1018463797803528,10.51,281.78,1.85,21.08,58.75,46.1,0.96,1.35,83.0
2021,Equatorial Guinea,0.49,1.0062587,2.053589236979582,0.5162587261199951,0.5722587261199952,2.411632735707898,1.63,12.27,2.63,22.75,46.26,79.4,-0.29,-1.71,84.0
2021,Fiji,0.41,0.93107164,2.270906436734083,0.5210716390609742,0.5650716390609741,2.6856674271993763,0.92,4.3,14.52,11.61,53.78,32.1,0.67,-0.0,85.0
2021,Bosnia and Herzegovina,0.64,1.0524535,1.6444586217403412,0.41245351791381835,0.5350565900802613,2.066575585595379,3.27,23.37,5.16,14.44,54.89,23.7,-0.38,-0.18,86.0
2021,Maldives,0.44,1.7489902,3.9749776775186714,1.3089901781082154,0.5291603794097901,2.1489988592578584,0.52,5.41,5.27,1.94,73.25,30.2,0.5,-0.52,87.0
2021,Montenegro,0.69,1.0524535,1.5252949534982876,0.3624535179138184,0.5144535179138184,2.008828724326667,0.62,5.86,6.46,3.85,59.86,22.2,-0.15,0.43,88.0
2021,Madagascar,0.36,0.93107164,2.586310108502706,0.5710716390609741,0.47907163906097416,2.1408078868433646,28.92,14.47,24.69,9.72,50.39,38.3,-0.64,-0.82,89.0
2021,North Macedonia,0.7,0.93107164,1.3301023415156774,0.23107163906097417,0.4760476751327515,20.008751136107467,2.07,13.83,7.25,12.66,56.85,13.0,0.12,0.42,90.0
2021,Estonia,7.36,3.636817,0.49413274163785187,-3.7231830215454105,0.4700922966003417,1.6756460442644727,1.33,37.19,2.02,12.72,62.54,47.8,0.76,1.56,91.0
2021,New Zealand,4.54,8.360601,1.841542164134559,3.8206014251708984,0.46289184796810157,0.884398532936466,5.12,249.89,5.65,9.83,65.57,34.6,1.44,1.81,92.0
2021,Kenya,0.46,1.1666583,2.5362136571303657,0.7066582822799683,0.4552407064437866,1.9971658546512678,53.01,110.35,22.43,7.24,54.41,37.2,-1.09,-0.45,93.0
2021,Mauritania,1.07,0.93107164,0.8701604103373589,-0.13892836093902594,0.43804767513275145,0.7245642009411347,4.61,10.0,18.58,5.28,40.39,67.0,-0.67,-1.06,94.0
2021,Niger,0.59,0.93107164,1.5780875238321597,0.34107163906097415,0.4350716390609741,2.035400434237631,25.25,14.92,36.48,7.64,37.05,47.2,-1.62,-0.75,95.0
2021,Chad,0.56,0.93107164,1.6626279268945965,0.37107163906097407,0.42907163906097406,1.9138187517511358,17.18,11.78,53.99,3.19,35.66,63.5,-1.34,-1.15,96.0
2021,Slovenia,2.15,2.0520535,0.954443465831668,-0.09794654846191397,0.40926949024200443,1.6971776098167002,2.11,61.75,1.69,20.03,57.71,31.0,0.76,0.83,97.0
2021,Kazakhstan,4.58,3.6286128,0.7922735276701148,-0.9513872432708741,0.4089088649749756,3.7546727772480155,19.0,197.11,5.03,13.61,53.92,28.4,-0.25,0.09,98.0
2021,El Salvador,0.83,0.9887705,1.1912897408726704,0.15877048492431645,0.40662441301345825,1.8854642674005482,6.31,28.74,4.92,15.18,59.87,36.4,-0.21,-0.34,99.0
2021,Sudan,0.52,1.0089102,1.9402118829580453,0.4889101791381836,0.3804298224449158,1.4872621155051582,45.66,34.33,6.36,5.13,9.69,45.4,-1.94,-1.47,100.0
2021,Jamaica,0.32,0.93107164,2.909598872065544,0.6110716390609741,0.34707163906097416,2.000600673747287,2.83,14.66,8.34,8.2,58.22,35.1,0.22,0.2,101.0
2021,Mali,0.64,0.93107164,1.454799436032772,0.2910716390609741,0.31707163906097413,1.5810558060123028,21.9,19.14,35.69,6.72,35.39,54.5,-2.35,-0.62,102.0
2021,Tunisia,0.53,1.081278,2.0401471066025065,0.5512779664993286,0.3035890855789184,1.4859779741743808,12.26,46.69,10.14,14.42,60.14,60.7,-0.7,-0.39,103.0
2021,Greece,6.13,4.6219015,0.7539806708231641,-1.5080984878540038,0.1962110233306885,1.0940222274743663,10.64,214.87,3.87,8.65,68.15,51.9,0.15,0.44,104.0
2021,Sri Lanka,0.6,1.1449505,1.9082508484522502,0.5449505090713501,0.1949505090713501,1.5330073103432684,22.16,88.93,8.7,17.89,55.11,55.2,-0.32,-0.37,105.0
2021,Ecuador,0.65,1.1209046,1.7244685613192043,0.4709045648574829,0.1914454736709595,1.318296928340215,17.8,106.17,9.41,16.79,53.41,34.4,-0.27,-0.7,106.0
2021,Portugal,7.85,9.044697,1.1521906761606788,1.1946968078613285,0.18718043518066416,1.1497284497573061,10.33,253.66,2.19,12.43,64.75,39.8,0.95,0.74,107.0
2021,Azerbaijan,-1.71,1.1338029,-0.663042626185724,2.843802890777588,0.18592446899414056,0.6762996372548269,10.14,54.62,5.88,6.82,37.63,40.7,-0.85,-0.06,108.0
2021,Ivory Coast,1.39,1.0994225,0.7909514063553845,-0.2905775451660155,0.18579355716705326,1.3018957613931421,27.48,70.04,19.85,11.2,52.23,50.1,-0.95,-0.26,109.0
2021,Cameroon,0.96,1.057232,1.1012833565473557,0.09723202228546146,0.17485232543945312,1.2313500085539761,27.2,45.34,16.91,13.12,51.06,57.7,-1.41,-0.92,110.0
2021,Tanzania,0.92,1.091842,1.1867848427399346,0.1718420553207397,0.1451891460418701,1.1941628369810189,63.59,67.84,25.89,8.3,34.34,43.8,-0.44,-0.63,111.0
2021,Peru,7.46,4.3283324,0.5802054187887156,-3.1316675758361816,0.10283213043212891,1.9842952785414518,33.72,223.25,6.97,13.15,49.21,36.8,-0.41,0.08,112.0
2021,Bahrain,1.77,1.090997,0.6163824749531719,-0.6790030193328858,0.08625542259216304,2.8043063434330415,1.46,38.87,0.28,20.12,52.25,13.8,-0.51,0.85,113.0
2021,Jordan,0.62,1.0953077,1.766625335139613,0.47530770778656006,0.0653516120910645,1.2720026705721184,11.15,45.74,4.74,17.03,61.05,28.6,-0.28,0.15,114.0
2021,Honduras,0.88,0.9887705,1.1236028237776323,0.1087704849243164,0.06331861591339114,1.543062618201334,10.28,28.49,11.04,16.37,56.96,39.1,-0.61,-0.52,115.0
2021,Nicaragua,1.22,0.93107164,0.7631734746401427,-0.28892836093902585,0.061071639060974126,1.1740850828355807,6.85,14.01,15.48,13.97,46.32,60.6,-0.47,-0.84,116.0
2021,Uganda,1.1,1.0721622,0.9746928648515181,-0.027837848663330167,0.01671693801879879,1.0419051936040808,45.85,40.53,23.84,16.43,41.85,33.7,-0.86,-0.48,117.0
2021,Georgia,1.27,1.4095514,1.1098829780037947,0.13955138206481932,-0.045238028526306165,1.1371566586153958,3.71,18.63,6.47,9.87,59.51,9.9,-0.42,1.06,118.0
2021,Argentina,6.78,7.084935,1.0449756914887105,0.3049351882934568,-0.04962866592407238,1.045575139297809,45.81,487.23,7.13,15.48,52.51,106.3,-0.11,-0.62,119.0
2021,Lithuania,2.94,3.557516,1.210039489123286,0.617516098022461,-0.13733933544158944,1.1484857772842871,2.8,66.45,3.31,16.12,60.74,42.6,0.82,1.28,120.0
2021,Democratic Republic of the Congo,1.68,1.1058718,0.6582570217904591,-0.5741282033920287,-0.1384677152633667,0.938057780503341,95.89,55.35,19.04,17.72,33.18,50.7,-1.61,-1.42,121.0
2021,Malta,4.37,1.4688087,0.33611181944404095,-2.901191349029541,-0.13876822662353483,0.9754911716607939,0.52,17.36,0.41,7.17,77.69,44.0,0.97,0.81,122.0
2021,Albania,1.22,0.9651939,0.7911425633508651,-0.25480607271194455,-0.1637782974243164,0.8604800922724266,2.81,18.26,17.66,6.23,47.71,36.6,0.11,0.19,123.0
2021,Slovakia,0.97,1.916022,1.9752803537034498,0.9460219430923462,-0.19307035732269298,0.4686070619594685,5.45,116.53,1.74,19.74,59.14,49.7,0.56,0.87,124.0
2021,Republic of the Congo,3.69,2.599857,0.7045683175890749,-1.0901429080963134,-0.20541417980194088,-0.16668286671198765,5.84,13.37,9.51,8.06,60.23,54.3,-0.61,-1.35,125.0
2021,Belarus,1.23,1.0894063,0.8856961397620721,-0.14059374809265135,-0.23422264575958257,0.8251975299312319,9.34,68.21,6.8,22.86,48.31,53.3,-0.74,-0.92,126.0
2021,Laos,1.07,0.93107164,0.8701604103373589,-0.13892836093902594,-0.23595232486724854,0.8601073758827787,7.43,18.83,16.07,8.7,38.85,24.1,0.73,-0.89,127.0
2021,Senegal,2.23,0.9887705,0.4433948362889311,-1.2412295150756836,-0.36697063970565796,0.9087401050448222,16.88,27.63,15.32,14.76,49.6,44.8,-0.17,-0.31,128.0
2021,Morocco,2.15,2.7087064,1.2598634320636128,0.5587063789367677,-0.36763384532928456,0.9404115620858029,37.08,142.87,12.04,15.33,51.55,45.8,-0.4,-0.12,129.0
2021,Guyana,2.24,0.93107164,0.4156569817236491,-1.308928360939026,-0.4169283609390259,1.0591160225750846,0.8,8.04,13.49,3.13,30.83,30.6,-0.14,-0.52,130.0
2021,Guatemala,3.6,1.1309208,0.31414465771781075,-2.4690792322158814,-0.43227788257598876,0.9295382573275882,17.11,85.99,9.4,14.0,62.13,35.2,-0.39,-0.32,131.0
2021,Hungary,29.34,42.86113,1.4608428684642873,13.521129760742188,-0.535008880615235,-0.03111903437189425,9.71,181.85,3.35,16.95,57.01,37.9,0.86,0.5,132.0
2021,Gabon,1.63,0.94510156,0.5798169074614355,-0.68489844083786,-0.5728984408378601,0.6290690547405858,2.34,20.22,6.02,23.59,38.66,47.1,-0.09,-0.81,133.0
2021,Uzbekistan,2.08,1.0894063,0.5237530057246869,-0.9905937480926514,-0.6240526056289672,0.7928890963659164,34.92,69.24,24.98,19.98,35.73,31.6,-0.24,-0.58,134.0
2021,Lebanon,0.6,1.4588194,2.4313656489054365,0.8588193893432617,-0.6944400901794434,0.9028727564136301,5.59,23.13,1.4,1.43,94.15,32.2,-1.49,-0.88,135.0
2021,Turkmenistan,1.45,1.0712618,0.7388012162570295,-0.3787382364273071,-0.7125826768875122,0.633357488929279,6.34,45.23,10.79,20.46,47.19,47.82000000000001,-0.32,-2.02,136.0
2021,Uruguay,3.65,1.1205376,0.30699661333267003,-2.5294623613357543,-0.8950912590026855,0.850704060821023,3.43,59.32,6.91,10.65,62.05,41.8,1.05,0.72,137.0
2021,Mongolia,2.17,0.93107164,0.4290652714566701,-1.2389283609390258,-0.898250988960266,0.5646717330555466,3.35,15.29,13.16,7.11,39.64,25.7,0.65,-0.21,138.0
2021,Egypt,5.12,6.976058,1.3625113293528557,1.856058006286621,-0.9321036872863766,0.9226387994170688,109.26,404.14,11.83,15.5,52.23,44.4,-1.02,-0.51,139.0
2021,Bulgaria,2.12,1.2523022,0.5907085706602851,-0.8676978302001954,-1.0739691753387455,0.5786652392891231,6.88,84.06,4.37,14.534,62.27,28.3,0.46,0.45,140.0
2021,Burma (Myanmar),2.07,1.1058718,0.5342375829024015,-0.9641282033920286,-1.3521282033920288,0.5207925679044438,53.8,65.09,23.44,24.76,41.51,31.2,-2.07,-1.13,141.0
2021,Romania,11.74,6.3928866,0.5445388959660441,-5.347113361358643,-1.3956140995025634,0.9277282363929663,19.12,284.09,4.35,15.56,58.2,20.0,0.53,0.31,142.0
2021,Panama,1.35,1.1264572,0.8344127513744213,-0.22354278564453134,-1.475622534751892,0.21275896615368212,4.35,63.61,2.6,5.41,66.01,37.2,0.29,0.19,143.0
2021,Ukraine,7.95,3.6792006,0.46279253449829866,-4.270799350738526,-1.7341125650405886,3.058644082724403,43.79,200.09,10.63,10.3,51.84,45.2,-1.1,-0.28,144.0
2021,Costa Rica,3.59,1.0994225,0.30624580914595667,-2.4905775451660155,-1.7685775451660155,0.39515018244235434,5.15,64.28,4.45,13.88,66.87,58.3,0.87,0.46,145.0
2021,Ghana,2.61,1.0994225,0.4212346570245151,-1.5105775451660155,-1.8225775451660156,0.3990747575693604,32.83,77.59,19.71,10.7,45.93,55.4,0.07,-0.2,146.0
2021,Dominican Republic,3.26,1.1449505,0.35121181259857365,-2.1150494909286497,-1.8538966207504273,0.3841344128248424,11.12,94.24,5.67,15.16,54.63,48.8,0.14,0.09,147.0
2021,Indonesia,21.36,20.842817,0.975787327084202,-0.5171826934814447,-1.9152662658691404,0.9121603228185415,273.75,1186.09,13.28,19.25,42.82,30.1,-0.51,0.3,148.0
2021,Malaysia,18.6,7.6945014,0.41368287096741374,-10.905498600006105,-2.143221374511719,0.9820970053503405,33.57,372.98,9.59,23.47,51.55,38.7,0.14,0.72,149.0
2021,Ethiopia,4.26,1.1426123,0.2682188587009627,-3.1173876619338987,-2.186950843811035,0.35971967212459044,120.28,111.27,37.57,4.61,36.25,37.7,-2.07,-0.93,150.0
2021,Chile,15.25,6.5860023,0.4318690065477715,-8.663997650146484,-2.1946162643432623,0.97703804721853,19.49,317.06,3.28,8.66,54.65,34.0,0.06,0.95,151.0
2021,Mozambique,5.3,0.93107164,0.17567389416244794,-4.368928360939026,-2.2429283609390263,0.33970883092366677,32.08,15.78,27.5,7.81,40.08,36.1,-1.23,-0.78,152.0
2021,Oman,4.02,1.9578713,0.4870326661351902,-2.062128682136535,-2.3497341585159304,0.47057670317850403,4.52,88.19,2.12,9.12,50.53,27.4,0.51,0.33,153.0
2021,Cambodia,3.48,0.9887705,0.28412944969089554,-2.4912295150756836,-2.3833755869865416,0.2913793980511217,16.59,26.96,22.85,17.86,34.18,23.1,-0.13,-0.64,154.0
2021,Japan,33.09,31.49852,0.9519044997721648,-1.591480102539066,-2.5602983703613282,1.048022037727726,125.68,4940.88,1.04,19.75,69.47,46.7,1.03,1.38,155.0
2021,Serbia,4.57,1.1884296,0.2600502393960431,-3.3815704059600833,-2.6778328733444217,0.31325178936512604,6.83,63.08,6.29,13.0,51.39,36.6,-0.13,0.05,156.0
2021,Philippines,12.41,6.0958724,0.49120647882281726,-6.314127597808838,-3.2960311622619627,0.6854009568259689,113.88,394.09,10.07,17.64,61.05,43.1,-0.93,0.08,157.0
2021,France,88.43,57.763405,0.653210503745238,-30.6665951538086,-3.7634215393066404,1.3075693451429324,67.75,2957.88,1.64,8.88,70.34,60.7,0.37,1.24,158.0
2021,China,333.98,310.17114,0.9287117269840259,-23.808857421875018,-4.518421020507816,0.9939973167667823,1412.36,17734.06,7.26,27.44,53.31,59.2,-0.48,-0.31,159.0
2021,South Africa,41.3,6.847774,0.16580566655636989,-34.45222597122192,-4.693457260131835,1.6120425907112483,59.39,419.02,2.47,11.79,63.02,29.2,-0.71,-0.07,160.0
2021,Colombia,9.38,6.3880844,0.6810324532645089,-2.991915588378907,-4.782689777374268,0.6030836962137618,51.52,314.46,7.43,11.52,57.96,71.2,-0.91,0.22,161.0
2021,Mexico,33.35,30.13193,0.9035061288630587,-3.2180706024169936,-5.17355436706543,0.8459277941798646,126.71,1272.84,3.89,18.08,59.16,55.1,-0.64,-0.23,162.0
2021,Spain,43.91,35.2499,0.8027761516253951,-8.660099182128903,-7.365809844970704,0.8647057754596379,47.42,1427.38,2.61,11.54,67.43,47.0,0.58,0.81,163.0
2021,Sweden,52.68,16.185072,0.30723371194363003,-36.49492805480957,-7.370307884216307,-1.4688427423549493,10.42,635.66,1.29,12.68,64.81,49.1,1.03,1.75,164.0
2021,United Arab Emirates,20.67,8.83378,0.4273720507351857,-11.836219711303713,-7.584927398681641,0.559137733525922,9.37,415.02,0.91,10.37,51.6,15.9,0.65,1.01,165.0
2021,Ireland,81.02,29.311535,0.3617814722487262,-51.7084651184082,-8.751911178588866,0.34844188430137296,5.03,504.18,1.02,34.62,55.36,26.1,0.86,1.56,166.0
2021,Poland,37.11,15.528213,0.41843741706554155,-21.581787452697753,-8.88757974243164,0.631979735418458,37.75,679.44,2.22,16.72,56.9,40.8,0.51,0.84,167.0
2021,Brazil,46.44,38.03228,0.8189552103415529,-8.407720031738279,-9.082282104492185,0.8704492221590755,214.33,1608.98,6.89,9.65,59.38,65.1,-0.49,-0.11,168.0
2021,Vietnam,15.66,6.403418,0.4089028138006023,-9.256581935882569,-9.090971885681153,0.4118128166158678,97.47,366.14,12.56,24.62,41.21,37.6,-0.11,-0.4,169.0
2021,Israel,21.49,16.32548,0.759677966842545,-5.164520492553709,-10.751300117492676,0.4658810556762113,9.36,488.53,1.26,10.16,72.45,25.3,-1.06,1.21,170.0
2021,Hong Kong,137.19,94.825325,0.6911970625570889,-42.36467498779297,-11.364128723144532,0.968444306037551,7.41,369.18,0.08,0.92,89.59,21.9,0.26,1.58,171.0
2021,Singapore,105.49,86.75386,0.8223894252880161,-18.736139526367182,-14.853333923339843,0.8575829555863128,5.45,396.99,0.03,21.07,69.45,21.0,1.49,2.23,172.0
2021,Germany,73.65,78.25084,1.0624689644724838,4.600839233398432,-24.026640747070317,0.851469199399158,83.2,4259.93,0.85,18.86,62.88,48.8,0.76,1.63,173.0
